sample_id,P_W,v_mm_s,h_mm,t_mm,porosity_pct,source
S01,150,800,0.1,0.04,0.8,DEMO_SYNTHETIC
S02,180,800,0.1,0.04,0.45,DEMO_SYNTHETIC
S03,200,800,0.1,0.04,0.3,DEMO_SYNTHETIC
S04,220,800,0.1,0.04,0.4,DEMO_SYNTHETIC
S05,200,600,0.1,0.04,0.6,DEMO_SYNTHETIC
S06,200,1000,0.1,0.04,0.55,DEMO_SYNTHETIC
S07,200,800,0.08,0.04,0.35,DEMO_SYNTHETIC
S08,200,800,0.12,0.04,0.7,DEMO_SYNTHETIC
S09,240,1000,0.1,0.04,0.38,DEMO_SYNTHETIC
S10,160,600,0.1,0.04,0.5,DEMO_SYNTHETIC
S11,200,800,0.1,0.04,,DEMO_SYNTHETIC
S12,200,0,0.1,0.04,0.2,DEMO_SYNTHETIC
